{"description": "", "tags": [{"name": "Valid", "value": null}], "size": {"height": 480, "width": 640}, "objects": [{"description": "", "bitmap": null, "tags": [], "classTitle": "redrobot", "points": {"exterior": [[0, 0], [201, 204]], "interior": []}}, {"description": "", "bitmap": null, "tags": [], "classTitle": "Hatchcover", "points": {"exterior": [[138, 0], [199, 81]], "interior": []}}, {"description": "", "bitmap": null, "tags": [], "classTitle": "Hatchcover", "points": {"exterior": [[372, 0], [431, 19]], "interior": []}}, {"description": "", "bitmap": null, "tags": [], "classTitle": "Cargo", "points": {"exterior": [[178, 10], [209, 40]], "interior": []}}, {"description": "", "bitmap": null, "tags": [], "classTitle": "Cargo", "points": {"exterior": [[219, 10], [257, 43]], "interior": []}}, {"description": "", "bitmap": null, "tags": [], "classTitle": "Cargo", "points": {"exterior": [[217, 27], [256, 62]], "interior": []}}, {"description": "", "bitmap": null, "tags": [], "classTitle": "Cargo", "points": {"exterior": [[203, 42], [261, 92]], "interior": []}}]}