{"description": "", "tags": [{"name": "Valid", "value": null}], "size": {"height": 480, "width": 640}, "objects": [{"description": "", "bitmap": null, "tags": [], "classTitle": "alignmentmarks", "points": {"exterior": [[401, 81], [439, 157]], "interior": []}}, {"description": "", "bitmap": null, "tags": [], "classTitle": "alignmentmarks", "points": {"exterior": [[267, 75], [300, 149]], "interior": []}}, {"description": "", "bitmap": null, "tags": [], "classTitle": "Hatchcover", "points": {"exterior": [[193, 191], [496, 266]], "interior": []}}]}