{"description": "", "tags": [{"name": "Valid", "value": null}], "size": {"height": 480, "width": 640}, "objects": [{"description": "", "bitmap": null, "tags": [], "classTitle": "Hatchcover", "points": {"exterior": [[204, 184], [526, 276]], "interior": []}}, {"description": "", "bitmap": null, "tags": [], "classTitle": "alignmentmarks", "points": {"exterior": [[268, 89], [304, 152]], "interior": []}}, {"description": "", "bitmap": null, "tags": [], "classTitle": "alignmentmarks", "points": {"exterior": [[133, 86], [163, 156]], "interior": []}}]}