{"description": "", "tags": [{"name": "Valid", "value": null}], "size": {"height": 480, "width": 640}, "objects": [{"description": "", "bitmap": null, "tags": [], "classTitle": "redrobot", "points": {"exterior": [[107, 0], [247, 74]], "interior": []}}, {"description": "", "bitmap": null, "tags": [], "classTitle": "stickyvelcro", "points": {"exterior": [[395, 0], [403, 33]], "interior": []}}, {"description": "", "bitmap": null, "tags": [], "classTitle": "stickyvelcro", "points": {"exterior": [[328, 1], [334, 30]], "interior": []}}, {"description": "", "bitmap": null, "tags": [], "classTitle": "stickyvelcro", "points": {"exterior": [[315, 0], [322, 31]], "interior": []}}, {"description": "", "bitmap": null, "tags": [], "classTitle": "stickyvelcro", "points": {"exterior": [[247, 0], [253, 28]], "interior": []}}, {"description": "", "bitmap": null, "tags": [], "classTitle": "hole", "points": {"exterior": [[257, 0], [317, 35]], "interior": []}}, {"description": "", "bitmap": null, "tags": [], "classTitle": "hole", "points": {"exterior": [[334, 0], [395, 40]], "interior": []}}, {"description": "", "bitmap": null, "tags": [], "classTitle": "bluerobot", "points": {"exterior": [[0, 0], [49, 69]], "interior": []}}]}