{"description": "", "tags": [{"name": "Valid", "value": null}], "size": {"height": 480, "width": 640}, "objects": [{"description": "", "bitmap": null, "tags": [], "classTitle": "redrobot", "points": {"exterior": [[98, 0], [248, 119]], "interior": []}}, {"description": "", "bitmap": null, "tags": [], "classTitle": "Cargo", "points": {"exterior": [[205, 7], [245, 48]], "interior": []}}, {"description": "", "bitmap": null, "tags": [], "classTitle": "alignmentmarks", "points": {"exterior": [[382, 0], [392, 17]], "interior": []}}, {"description": "", "bitmap": null, "tags": [], "classTitle": "alignmentmarks", "points": {"exterior": [[337, 0], [351, 15]], "interior": []}}, {"description": "", "bitmap": null, "tags": [], "classTitle": "alignmentmarks", "points": {"exterior": [[302, 0], [312, 15]], "interior": []}}, {"description": "", "bitmap": null, "tags": [], "classTitle": "alignmentmarks", "points": {"exterior": [[258, 0], [268, 12]], "interior": []}}, {"description": "", "bitmap": null, "tags": [], "classTitle": "stickyvelcro", "points": {"exterior": [[316, 23], [322, 52]], "interior": []}}, {"description": "", "bitmap": null, "tags": [], "classTitle": "stickyvelcro", "points": {"exterior": [[248, 23], [256, 50]], "interior": []}}, {"description": "", "bitmap": null, "tags": [], "classTitle": "stickyvelcro", "points": {"exterior": [[326, 22], [334, 56]], "interior": []}}, {"description": "", "bitmap": null, "tags": [], "classTitle": "stickyvelcro", "points": {"exterior": [[396, 26], [401, 59]], "interior": []}}, {"description": "", "bitmap": null, "tags": [], "classTitle": "Cargo", "points": {"exterior": [[257, 0], [289, 30]], "interior": []}}, {"description": "", "bitmap": null, "tags": [], "classTitle": "bluerobot", "points": {"exterior": [[0, 0], [40, 100]], "interior": []}}, {"description": "", "bitmap": null, "tags": [], "classTitle": "hole", "points": {"exterior": [[333, 18], [394, 65]], "interior": []}}, {"description": "", "bitmap": null, "tags": [], "classTitle": "hole", "points": {"exterior": [[258, 17], [311, 62]], "interior": []}}]}