{"description": "", "tags": [{"name": "Valid", "value": null}], "size": {"height": 480, "width": 640}, "objects": [{"description": "", "bitmap": null, "tags": [], "classTitle": "Cargo", "points": {"exterior": [[218, 43], [253, 78]], "interior": []}}, {"description": "", "bitmap": null, "tags": [], "classTitle": "bluerobot", "points": {"exterior": [[139, 0], [241, 46]], "interior": []}}, {"description": "", "bitmap": null, "tags": [], "classTitle": "redrobot", "points": {"exterior": [[3, 3], [227, 334]], "interior": []}}, {"description": "", "bitmap": null, "tags": [], "classTitle": "Cargo", "points": {"exterior": [[257, 26], [291, 66]], "interior": []}}, {"description": "", "bitmap": null, "tags": [], "classTitle": "alignmentmarks", "points": {"exterior": [[336, 40], [349, 61]], "interior": []}}, {"description": "", "bitmap": null, "tags": [], "classTitle": "alignmentmarks", "points": {"exterior": [[377, 42], [388, 64]], "interior": []}}, {"description": "", "bitmap": null, "tags": [], "classTitle": "alignmentmarks", "points": {"exterior": [[303, 39], [314, 62]], "interior": []}}, {"description": "", "bitmap": null, "tags": [], "classTitle": "alignmentmarks", "points": {"exterior": [[264, 39], [275, 61]], "interior": []}}, {"description": "", "bitmap": null, "tags": [], "classTitle": "Cargo", "points": {"exterior": [[273, 5], [305, 37]], "interior": []}}, {"description": "", "bitmap": null, "tags": [], "classTitle": "stickyvelcro", "points": {"exterior": [[602, 0], [606, 9]], "interior": []}}, {"description": "", "bitmap": null, "tags": [], "classTitle": "stickyvelcro", "points": {"exterior": [[569, 0], [573, 6]], "interior": []}}, {"description": "", "bitmap": null, "tags": [], "classTitle": "stickyvelcro", "points": {"exterior": [[389, 71], [395, 99]], "interior": []}}, {"description": "", "bitmap": null, "tags": [], "classTitle": "stickyvelcro", "points": {"exterior": [[327, 68], [334, 96]], "interior": []}}, {"description": "", "bitmap": null, "tags": [], "classTitle": "stickyvelcro", "points": {"exterior": [[317, 67], [323, 95]], "interior": []}}, {"description": "", "bitmap": null, "tags": [], "classTitle": "stickyvelcro", "points": {"exterior": [[254, 62], [262, 93]], "interior": []}}, {"description": "", "bitmap": null, "tags": [], "classTitle": "hole", "points": {"exterior": [[264, 57], [316, 102]], "interior": []}}, {"description": "", "bitmap": null, "tags": [], "classTitle": "hole", "points": {"exterior": [[333, 62], [387, 104]], "interior": []}}]}