{"description": "", "tags": [{"name": "Valid", "value": null}], "size": {"height": 480, "width": 640}, "objects": [{"description": "", "bitmap": null, "tags": [], "classTitle": "Cargo", "points": {"exterior": [[183, 169], [271, 253]], "interior": []}}, {"description": "", "bitmap": null, "tags": [], "classTitle": "Cargo", "points": {"exterior": [[84, 172], [179, 257]], "interior": []}}, {"description": "", "bitmap": null, "tags": [], "classTitle": "Hatchcover", "points": {"exterior": [[338, 4], [402, 79]], "interior": []}}, {"description": "", "bitmap": null, "tags": [], "classTitle": "Cargo", "points": {"exterior": [[159, 134], [235, 200]], "interior": []}}, {"description": "", "bitmap": null, "tags": [], "classTitle": "Cargo", "points": {"exterior": [[73, 139], [157, 202]], "interior": []}}, {"description": "", "bitmap": null, "tags": [], "classTitle": "Cargo", "points": {"exterior": [[138, 107], [194, 160]], "interior": []}}, {"description": "", "bitmap": null, "tags": [], "classTitle": "Cargo", "points": {"exterior": [[61, 114], [119, 165]], "interior": []}}]}