{"description": "", "tags": [{"name": "Valid", "value": null}], "size": {"height": 480, "width": 640}, "objects": [{"description": "", "bitmap": null, "tags": [], "classTitle": "Cargo", "points": {"exterior": [[263, 258], [383, 363]], "interior": []}}, {"description": "", "bitmap": null, "tags": [], "classTitle": "Cargo", "points": {"exterior": [[168, 192], [255, 268]], "interior": []}}, {"description": "", "bitmap": null, "tags": [], "classTitle": "Cargo", "points": {"exterior": [[255, 176], [352, 270]], "interior": []}}, {"description": "", "bitmap": null, "tags": [], "classTitle": "Cargo", "points": {"exterior": [[155, 247], [259, 344]], "interior": []}}, {"description": "", "bitmap": null, "tags": [], "classTitle": "Cargo", "points": {"exterior": [[130, 326], [263, 469]], "interior": []}}, {"description": "", "bitmap": null, "tags": [], "classTitle": "Cargo", "points": {"exterior": [[263, 349], [412, 477]], "interior": []}}, {"description": "", "bitmap": null, "tags": [], "classTitle": "Hatchcover", "points": {"exterior": [[566, 4], [640, 138]], "interior": []}}]}