{"description": "", "tags": [{"name": "Valid", "value": null}], "size": {"height": 480, "width": 640}, "objects": [{"description": "", "bitmap": null, "tags": [], "classTitle": "Cargo", "points": {"exterior": [[274, 173], [370, 272]], "interior": []}}, {"description": "", "bitmap": null, "tags": [], "classTitle": "Cargo", "points": {"exterior": [[259, 101], [330, 168]], "interior": []}}, {"description": "", "bitmap": null, "tags": [], "classTitle": "Cargo", "points": {"exterior": [[349, 28], [388, 71]], "interior": []}}, {"description": "", "bitmap": null, "tags": [], "classTitle": "Cargo", "points": {"exterior": [[521, 8], [549, 41]], "interior": []}}, {"description": "", "bitmap": null, "tags": [], "classTitle": "Cargo", "points": {"exterior": [[490, 0], [522, 35]], "interior": []}}, {"description": "", "bitmap": null, "tags": [], "classTitle": "redrobot", "points": {"exterior": [[584, 0], [640, 52]], "interior": []}}]}