{"description": "", "tags": [{"name": "Valid", "value": null}], "size": {"height": 480, "width": 640}, "objects": [{"description": "", "bitmap": null, "tags": [], "classTitle": "Cargo", "points": {"exterior": [[246, 367], [462, 480]], "interior": []}}, {"description": "", "bitmap": null, "tags": [], "classTitle": "Cargo", "points": {"exterior": [[278, 83], [342, 145]], "interior": []}}, {"description": "", "bitmap": null, "tags": [], "classTitle": "Cargo", "points": {"exterior": [[233, 62], [285, 126]], "interior": []}}, {"description": "", "bitmap": null, "tags": [], "classTitle": "redrobot", "points": {"exterior": [[0, 25], [130, 141]], "interior": []}}, {"description": "", "bitmap": null, "tags": [], "classTitle": "Cargo", "points": {"exterior": [[308, 53], [366, 105]], "interior": []}}, {"description": "", "bitmap": null, "tags": [], "classTitle": "Cargo", "points": {"exterior": [[256, 36], [308, 85]], "interior": []}}, {"description": "", "bitmap": null, "tags": [], "classTitle": "Cargo", "points": {"exterior": [[282, 23], [327, 63]], "interior": []}}, {"description": "", "bitmap": null, "tags": [], "classTitle": "Cargo", "points": {"exterior": [[327, 29], [381, 72]], "interior": []}}]}