{"description": "", "tags": [{"name": "Valid", "value": null}], "size": {"height": 480, "width": 640}, "objects": [{"description": "", "bitmap": null, "tags": [], "classTitle": "Hatchcover", "points": {"exterior": [[517, 72], [595, 236]], "interior": []}}, {"description": "", "bitmap": null, "tags": [], "classTitle": "Hatchcover", "points": {"exterior": [[584, 136], [640, 336]], "interior": []}}, {"description": "", "bitmap": null, "tags": [], "classTitle": "alignmentmarks", "points": {"exterior": [[594, 65], [610, 123]], "interior": []}}, {"description": "", "bitmap": null, "tags": [], "classTitle": "alignmentmarks", "points": {"exterior": [[541, 35], [556, 89]], "interior": []}}, {"description": "", "bitmap": null, "tags": [], "classTitle": "alignmentmarks", "points": {"exterior": [[473, 1], [484, 30]], "interior": []}}, {"description": "", "bitmap": null, "tags": [], "classTitle": "Hatchcover", "points": {"exterior": [[444, 0], [478, 111]], "interior": []}}, {"description": "", "bitmap": null, "tags": [], "classTitle": "Hatchcover", "points": {"exterior": [[421, 0], [440, 72]], "interior": []}}, {"description": "", "bitmap": null, "tags": [], "classTitle": "Hatchcover", "points": {"exterior": [[405, 1], [418, 44]], "interior": []}}, {"description": "", "bitmap": null, "tags": [], "classTitle": "stickyvelcro", "points": {"exterior": [[578, 144], [603, 234]], "interior": []}}]}