{"description": "", "tags": [{"name": "Valid", "value": null}], "size": {"height": 480, "width": 640}, "objects": [{"description": "", "bitmap": null, "tags": [], "classTitle": "Hatchcover", "points": {"exterior": [[247, 96], [324, 222]], "interior": []}}, {"description": "", "bitmap": null, "tags": [], "classTitle": "alignmentmarks", "points": {"exterior": [[306, 14], [321, 56]], "interior": []}}, {"description": "", "bitmap": null, "tags": [], "classTitle": "alignmentmarks", "points": {"exterior": [[255, 6], [272, 48]], "interior": []}}, {"description": "", "bitmap": null, "tags": [], "classTitle": "stickyvelcro", "points": {"exterior": [[320, 65], [333, 135]], "interior": []}}, {"description": "", "bitmap": null, "tags": [], "classTitle": "stickyvelcro", "points": {"exterior": [[250, 39], [259, 102]], "interior": []}}, {"description": "", "bitmap": null, "tags": [], "classTitle": "hole", "points": {"exterior": [[263, 44], [323, 148]], "interior": []}}, {"description": "", "bitmap": null, "tags": [], "classTitle": "hole", "points": {"exterior": [[343, 0], [456, 102]], "interior": []}}]}