{"description": "", "tags": [{"name": "Valid", "value": null}], "size": {"height": 480, "width": 640}, "objects": [{"description": "", "bitmap": null, "tags": [], "classTitle": "Hatchcover", "points": {"exterior": [[333, 61], [411, 84]], "interior": []}}, {"description": "", "bitmap": null, "tags": [], "classTitle": "Cargo", "points": {"exterior": [[380, 0], [414, 20]], "interior": []}}, {"description": "", "bitmap": null, "tags": [], "classTitle": "Cargo", "points": {"exterior": [[350, 0], [378, 13]], "interior": []}}]}