{"description": "", "tags": [{"name": "Valid", "value": null}], "size": {"height": 480, "width": 640}, "objects": [{"description": "", "bitmap": null, "tags": [], "classTitle": "Hatchcover", "points": {"exterior": [[416, 99], [534, 226]], "interior": []}}, {"description": "", "bitmap": null, "tags": [], "classTitle": "alignmentmarks", "points": {"exterior": [[523, 11], [551, 69]], "interior": []}}, {"description": "", "bitmap": null, "tags": [], "classTitle": "alignmentmarks", "points": {"exterior": [[432, 2], [463, 52]], "interior": []}}, {"description": "", "bitmap": null, "tags": [], "classTitle": "stickyvelcro", "points": {"exterior": [[530, 70], [551, 144]], "interior": []}}, {"description": "", "bitmap": null, "tags": [], "classTitle": "stickyvelcro", "points": {"exterior": [[422, 46], [439, 108]], "interior": []}}, {"description": "", "bitmap": null, "tags": [], "classTitle": "hole", "points": {"exterior": [[428, 50], [534, 142]], "interior": []}}, {"description": "", "bitmap": null, "tags": [], "classTitle": "hole", "points": {"exterior": [[563, 0], [640, 98]], "interior": []}}]}