{"description": "", "tags": [{"name": "Valid", "value": null}], "size": {"height": 480, "width": 640}, "objects": [{"description": "", "bitmap": null, "tags": [], "classTitle": "Hatchcover", "points": {"exterior": [[229, 200], [506, 411]], "interior": []}}, {"description": "", "bitmap": null, "tags": [], "classTitle": "alignmentmarks", "points": {"exterior": [[269, 153], [311, 234]], "interior": []}}, {"description": "", "bitmap": null, "tags": [], "classTitle": "alignmentmarks", "points": {"exterior": [[444, 166], [484, 259]], "interior": []}}, {"description": "", "bitmap": null, "tags": [], "classTitle": "Cargo", "points": {"exterior": [[504, 43], [546, 86]], "interior": []}}, {"description": "", "bitmap": null, "tags": [], "classTitle": "Cargo", "points": {"exterior": [[325, 31], [357, 66]], "interior": []}}]}